{
    "version": 1,
    "settings": {
        "appearanceTools": true,
        "layout": {
            "contentSize": "720px",
            "wideSize": "1200px"
        },
        "color": {
            "palette": [
                {
                    "name": "Primary",
                    "slug": "primary",
                    "color": "#1e40af"
                },
                {
                    "name": "Secondary",
                    "slug": "secondary",
                    "color": "#64748b"
                }
            ]
        },
        "typography": {
            "fontSizes": [
                {
                    "name": "Small",
                    "slug": "small",
                    "size": "12px"
                },
                {
                    "name": "Normal",
                    "slug": "normal",
                    "size": "16px"
                },
                {
                    "name": "Large",
                    "slug": "large",
                    "size": "24px"
                }
            ]
        }
    },
    "styles": {
        "color": {
            "background": "#ffffff",
            "text": "#000000"
        },
        "typography": {
            "fontFamily": "system-ui, sans-serif"
        }
    }
}